text,intent,source,domain
I can't stop thinking about what happened.,trauma,curated,health
The past keeps haunting me.,trauma,curated,health
I have painful memories that won't go away.,trauma,curated,health
I feel scared because of something that happened before.,trauma,curated,health
Certain places remind me of a terrible experience.,trauma,curated,health
I get upset whenever I remember my past.,trauma,curated,health
I have flashbacks that make me anxious.,trauma,curated,health
I avoid situations that remind me of my past.,trauma,curated,health
I still haven't recovered from what happened.,trauma,curated,health
I feel emotionally hurt by my past experiences.,trauma,curated,health
I struggle to trust people after what happened.,trauma,curated,social
My past experiences still affect my daily life.,trauma,curated,health
I feel unsafe even when nothing is wrong.,trauma,curated,health
I get emotional whenever someone mentions my past.,trauma,curated,health
I wish I could forget those painful memories.,trauma,curated,health
The memories come back unexpectedly.,trauma,curated,health
I feel trapped by things that happened years ago.,trauma,curated,health
I still carry emotional pain from my past.,trauma,curated,health
I have never fully healed from that experience.,trauma,curated,health
I want to move forward but my past keeps holding me back.,trauma,curated,health